TaskID,Name,WBS,Outline Level,Duration,Predecessors,% Complete,Baseline Start,Baseline Finish,Start,Finish
1,PHASE 1: INFRASTRUCTURE BUILD (16 Tasks),1,1,0,,100,2025-03-03,2025-03-03,2025-03-03,2025-03-03
110,Network Design & IP Plan,1.1,2,5,,100,2025-03-03,2025-03-08,2025-03-03,2025-03-08
111,New Firewall/ACL Configuration,1.1.1,3,3,110SS,100,2025-03-03,2025-03-06,2025-03-03,2025-03-06
112,Configure Load Balancers (Tier 1),1.1.2,3,4,111,100,2025-03-06,2025-03-10,2025-03-06,2025-03-10
113,DNS Record Update Strategy,1.1.3,3,2,110FF,100,2025-03-06,2025-03-08,2025-03-08,2025-03-10
120,Hardware Procurement & Delivery,1.2,2,20,110FS+2d,100,2025-03-10,2025-03-30,2025-03-12,2025-04-05
121,Data Replication Tools Setup,1.2.1,3,5,112,100,2025-03-10,2025-03-15,2025-03-10,2025-03-15
130,Physical Server Rack/Stack,1.3,2,10,120,100,2025-03-30,2025-04-09,2025-04-05,2025-04-15
131,OS/Hypervisor Installation (Tier 1),1.3.1,3,5,130SS+2d,100,2025-04-01,2025-04-06,2025-04-07,2025-04-12
132,OS/Hypervisor Installation (Tier 2),1.3.2,3,6,130SS+4d,100,2025-04-03,2025-04-09,2025-04-09,2025-04-15
140,Storage Array Provisioning,1.4,2,7,130,100,2025-04-09,2025-04-16,2025-04-15,2025-04-22
141,Configure SAN Zoning (Tier 1),1.4.1,3,4,140SS,100,2025-04-09,2025-04-13,2025-04-15,2025-04-19
142,Configure SAN Zoning (Tier 2),1.4.2,3,5,140SS+1d,100,2025-04-10,2025-04-15,2025-04-16,2025-04-21
150,Patching & Initial Hardening,1.5,2,5,131FF,100,2025-04-06,2025-04-11,2025-04-12,2025-04-17
160,Infrastructure Validation,1.6,2,3,"142, 150",100,2025-04-16,2025-04-19,2025-04-22,2025-04-25
170,Handover to Application Teams,1.7,2,1,160,100,2025-04-19,2025-04-20,2025-04-25,2025-04-26
2,PHASE 2: APPLICATION DEPLOYMENTS & DATA (52 Tasks),2,1,0,,60,2025-04-20,2025-04-20,2025-04-26,2025-04-26
210,TIER 1 - MISSION CRITICAL APPS,2.1,2,0,,85,2025-04-20,2025-04-20,2025-04-26,
2101,App A - Install App Server,2.1.01,3,5,170,100,2025-04-20,2025-04-25,2025-04-26,2025-05-01
2102,App A - Database Provisioning,2.1.02,3,4,2101SS+1d,100,2025-04-21,2025-04-25,2025-04-27,2025-05-01
2103,App A - Initial Data Sync,2.1.03,3,10,2102,100,2025-04-25,2025-05-05,2025-05-01,2025-05-11
2104,App A - DEV Testing,2.1.04,3,3,2101FF+1d,100,2025-04-26,2025-04-29,2025-05-02,2025-05-05
2105,App B - Install App Server,2.1.05,3,6,170,100,2025-04-20,2025-04-26,2025-04-26,2025-05-02
2106,App B - Database Provisioning,2.1.06,3,5,2105SS+1d,100,2025-04-21,2025-04-26,2025-04-27,2025-05-02
2107,App B - Initial Data Sync,2.1.07,3,8,2106,100,2025-04-26,2025-05-04,2025-05-02,2025-05-10
2108,App B - DEV Testing,2.1.08,3,4,2105FF+1d,100,2025-04-27,2025-05-01,2025-05-03,2025-05-07
2109,App C - Install App Server,2.1.09,3,7,170,100,2025-04-20,2025-04-27,2025-04-26,2025-05-03
2110,App C - Database Provisioning,2.1.10,3,6,2109SS+1d,100,2025-04-21,2025-04-27,2025-04-27,2025-05-03
2111,App C - Initial Data Sync,2.1.11,3,12,2110,90,2025-04-27,2025-05-09,2025-05-03,2025-05-15
2112,App C - DEV Testing,2.1.12,3,5,2109FF+1d,100,2025-04-28,2025-05-03,2025-05-04,2025-05-09
220,TIER 2 - SUPPORT APPS,2.2,2,0,,50,2025-05-05,2025-05-05,2025-05-11,
2201,App D - Install App Server,2.2.01,3,4,"2103, 2107",100,2025-05-05,2025-05-09,2025-05-11,2025-05-15
2202,App D - Database Provisioning,2.2.02,3,3,2201SS,100,2025-05-05,2025-05-08,2025-05-11,2025-05-14
2203,App D - Initial Data Sync,2.2.03,3,7,2202,80,2025-05-08,2025-05-15,2025-05-14,2025-05-21
2204,App D - DEV Testing,2.2.04,3,3,2201FF+1d,100,2025-05-10,2025-05-13,2025-05-16,2025-05-19
2205,App E - Install App Server,2.2.05,3,5,"2103, 2107",100,2025-05-05,2025-05-10,2025-05-11,2025-05-16
2206,App E - Database Provisioning,2.2.06,3,4,2205SS+1d,100,2025-05-06,2025-05-10,2025-05-12,2025-05-16
2207,App E - Initial Data Sync,2.2.07,3,9,2206,50,2025-05-10,2025-05-19,2025-05-16,2025-05-25
2208,App E - DEV Testing,2.2.08,3,4,2205FF+1d,100,2025-05-11,2025-05-15,2025-05-17,2025-05-21
230,TIER 3 - MISCELLANEOUS APPS,2.3,2,0,,20,2025-05-19,2025-05-19,2025-05-25,2025-05-25
2301,App F - Install App Server,2.3.01,3,3,"2111, 2207",100,2025-05-19,2025-05-22,2025-05-25,2025-05-28
2302,App F - Database Provisioning,2.3.02,3,2,2301SS,100,2025-05-19,2025-05-21,2025-05-25,2025-05-27
2303,App F - Initial Data Sync,2.3.03,3,5,2302,40,2025-05-21,2025-05-26,2025-05-27,2025-06-01
2304,App F - DEV Testing,2.3.04,3,2,2301FF+1d,100,2025-05-23,2025-05-25,2025-05-29,2025-05-31
2305,App G - Install App Server,2.3.05,3,4,"2111, 2207",100,2025-05-19,2025-05-23,2025-05-25,2025-05-29
2306,App G - Database Provisioning,2.3.06,3,3,2305SS,100,2025-05-19,2025-05-22,2025-05-25,2025-05-28
2307,App G - Initial Data Sync,2.3.07,3,6,2306,20,2025-05-22,2025-05-28,2025-05-28,2025-06-03
2308,App G - DEV Testing,2.3.08,3,3,2305FF+1d,100,2025-05-24,2025-05-27,2025-05-30,2025-06-02
240,QA & Staging Deployments,2.4,2,0,,0,2025-05-28,2025-05-28,2025-06-03,2025-06-03
2401,T1 Apps QA Deployment,2.4.01,3,7,"2104, 2108, 2112",0,2025-05-28,2025-06-04,2025-06-03,2025-06-10
2402,T2 Apps QA Deployment,2.4.02,3,5,"2204, 2208",0,2025-05-28,2025-06-02,2025-06-03,2025-06-08
2403,T3 Apps QA Deployment,2.4.03,3,4,"2304, 2308",0,2025-05-28,2025-06-01,2025-06-03,2025-06-07
2404,T1 Apps Staging Deployment,2.4.04,3,6,2401,0,2025-06-04,2025-06-10,2025-06-10,2025-06-16
2405,T2 Apps Staging Deployment,2.4.05,3,4,2402,0,2025-06-02,2025-06-06,2025-06-08,2025-06-12
2406,T3 Apps Staging Deployment,2.4.06,3,3,2403,0,2025-06-01,2025-06-04,2025-06-07,2025-06-10
250,QA & Staging Testing,2.5,2,0,,0,2025-06-10,2025-06-10,2025-06-16,2025-06-16
2501,T1 Apps QA/UAT,2.5.01,3,10,2404,0,2025-06-10,2025-06-20,2025-06-16,2025-06-26
2502,T2 Apps QA/UAT,2.5.02,3,8,2405,0,2025-06-06,2025-06-14,2025-06-12,2025-06-20
2503,T3 Apps QA/UAT,2.5.03,3,6,2406,0,2025-06-04,2025-06-10,2025-06-10,2025-06-16
2504,T1 Apps Staging Test,2.5.04,3,5,2404FF,0,2025-06-10,2025-06-15,2025-06-16,2025-06-21
2505,T2 Apps Staging Test,2.5.05,3,3,2405FF,0,2025-06-06,2025-06-09,2025-06-12,2025-06-15
2506,T3 Apps Staging Test,2.5.06,3,2,2406FF,0,2025-06-04,2025-06-06,2025-06-10,2025-06-12
260,Final Data Replication Setup,2.6,2,0,,0,2025-06-20,2025-06-20,2025-06-26,2025-06-26
2601,Data Replication Sign-off (T1),2.6.01,3,2,2501,0,2025-06-20,2025-06-22,2025-06-26,2025-06-28
2602,Data Replication Sign-off (T2),2.6.02,3,1,2502,0,2025-06-14,2025-06-15,2025-06-20,2025-06-21
2603,Data Replication Sign-off (T3),2.6.03,3,1,2503,0,2025-06-10,2025-06-11,2025-06-16,2025-06-17
270,Pre-Cutover Readiness Check,2.7,2,5,"2601, 2602, 2603",0,2025-06-22,2025-06-27,2025-06-28,2025-07-03
3,PHASE 3: CUTOVER & VALIDATION (36 Tasks),3,1,0,,0,2025-06-27,2025-06-27,2025-07-03,2025-07-03
310,PREP & DRY RUNS,3.1,2,0,,0,2025-06-27,2025-06-27,2025-07-03,2025-07-03
3101,Final Go/No-Go Meeting 1,3.1.01,3,1,270,0,2025-06-27,2025-06-28,2025-07-03,2025-07-04
3102,Production Dry Run (T1),3.1.02,3,3,3101,0,2025-06-28,2025-07-01,2025-07-04,2025-07-07
3103,Production Dry Run (T2),3.1.03,3,2,3101SS+1d,0,2025-06-28,2025-06-30,2025-07-04,2025-07-06
3104,Production Dry Run (T3),3.1.04,3,1,3101SS+2d,0,2025-06-29,2025-06-30,2025-07-05,2025-07-06
3105,DR Test Planning,3.1.05,3,5,3102,0,2025-07-01,2025-07-06,2025-07-07,2025-07-12
3106,DR Test Execution (T1 Apps),3.1.06,3,5,3105,0,2025-07-06,2025-07-11,2025-07-12,2025-07-17
3107,DR Test Execution (T2 Apps),3.1.07,3,3,3105SS,0,2025-07-06,2025-07-09,2025-07-12,2025-07-15
3108,DR Test Execution (T3 Apps),3.1.08,3,2,3105SS+1d,0,2025-07-07,2025-07-09,2025-07-13,2025-07-15
320,FINAL CUTOVER,3.2,2,0,,0,2025-07-11,2025-07-11,2025-07-17,2025-07-17
3201,Final Go/No-Go Meeting 2,3.2.01,3,1,3106FF,0,2025-07-11,2025-07-12,2025-07-17,2025-07-18
3202,Freeze Old DC Environment,3.2.02,3,1,3201,0,2025-07-12,2025-07-13,2025-07-18,2025-07-19
3203,Final Differential Data Sync,3.2.03,3,2,3202,0,2025-07-13,2025-07-15,2025-07-19,2025-07-21
3204,Application Restart in New DC,3.2.04,3,1,3203,0,2025-07-15,2025-07-16,2025-07-21,2025-07-22
3205,Final DNS & Load Balancer Cutover,3.2.05,3,1,3204,0,2025-07-16,2025-07-17,2025-07-22,2025-07-23
330,POST-CUTOVER VALIDATION,3.3,2,0,,0,2025-07-17,2025-07-17,2025-07-23,2025-07-23
3301,T1 Smoke Test (Live Traffic),3.3.01,3,2,3205,0,2025-07-17,2025-07-19,2025-07-23,2025-07-25
3302,T2 Smoke Test (Live Traffic),3.3.02,3,1,3205SS,0,2025-07-17,2025-07-18,2025-07-23,2025-07-24
3303,T3 Smoke Test (Live Traffic),3.3.03,3,1,3205SS,0,2025-07-17,2025-07-18,2025-07-23,2025-07-24
3304,Business Acceptance Testing (BAT),3.3.04,3,5,3301FF,0,2025-07-19,2025-07-24,2025-07-25,2025-07-30
3305,Hypercare - Day 1,3.3.05,3,1,3205SS,0,2025-07-17,2025-07-18,2025-07-23,2025-07-24
3306,Hypercare - Week 1,3.3.06,3,5,3305,0,2025-07-18,2025-07-23,2025-07-24,2025-07-29
3307,Hypercare - Week 2,3.3.07,3,5,3306,0,2025-07-23,2025-07-28,2025-07-29,2025-08-03
340,FINAL SIGNOFFS,3.4,2,0,,0,2025-07-28,2025-07-28,2025-08-03,2025-08-03
3401,Final System Signoff,3.4.01,3,1,3304,0,2025-07-28,2025-07-29,2025-07-30,2025-07-31
3402,Handover to Operations,3.4.02,3,1,3401,0,2025-07-29,2025-07-30,2025-07-31,2025-08-01
4,PHASE 4: CLOSEOUT (10 Tasks),4,1,0,,0,2025-07-30,2025-07-30,2025-08-01,2025-08-01
410,Project Documentation Finalization,4.1,2,5,3402,0,2025-07-30,2025-08-04,2025-08-01,2025-08-06
411,Lessons Learned Workshop,4.1.1,3,2,410SS,0,2025-07-30,2025-08-01,2025-08-01,2025-08-03
420,Financial Closure,4.2,2,3,410FF-1d,0,2025-08-03,2025-08-06,2025-08-05,2025-08-08
421,Vendor Contract Closure,4.2.1,3,5,420SS,0,2025-08-03,2025-08-08,2025-08-08,2025-08-13
430,Old DC Decommissioning Planning,4.3,2,10,410,0,2025-08-04,2025-08-14,2025-08-06,2025-08-16
431,Decommissioning Phase 1 (Non-Critical),4.3.1,3,15,430,0,2025-08-14,2025-08-29,2025-08-16,2025-08-31
432,Decommissioning Phase 2 (Critical),4.3.2,3,10,431,0,2025-08-29,2025-09-08,2025-08-31,2025-09-10
440,Final Project Closeout Report,4.4,2,2,432FF,0,2025-09-08,2025-09-10,2025-09-10,2025-09-12
441,Project Team Release,4.4.1,3,1,440,0,2025-09-10,2025-09-11,2025-09-12,2025-09-13
442,Celebrate Success!,4.4.2,3,1,441,0,2025-09-11,2025-09-12,2025-09-13,2025-09-14